,full,FR1,CDR1,FR2,CDR2,FR3
0,EVQLVESGGGSVQAGGSLRLSCAASESTFSGSCMAWFRQAPGKEREGVAAIKDIGITTYADSVKGRFTISRDNTKNTLYLRMNNLKPEDTGMYYCAAVSRPWVPCNITPRPLRLENYYWGQGTQVTVSE,EVQLVESGGGSVQAGGSLRLSCAAS,ESTFSGSC,MAWFRQAPGKEREGVAA,IKDIGIT,TYADSVKGRFTISRDNTKNTLYLRMNNLKPEDTGMYYC
1,EVQLVESGGGSVQAGGSLGLSCTASGYTLMPKCFAWFRQDPGKEREGVAIINSDGSTKYADFVKGRFTISQDYAENTLYLQMNSLKPEDTAVYSCAARIGNCYFNTLPKSNWYSYWGQGTQVTVSS,EVQLVESGGGSVQAGGSLGLSCTAS,GYTLMPKC,FAWFRQDPGKEREGVAI,INSDGST,KYADFVKGRFTISQDYAENTLYLQMNSLKPEDTAVYSC
2,AVQLVDSGGGSVQAGGSLKLSCAASGYIVSSCKMAWYRQAPGKERELVSTISYDGTTTYADSVKGRFTISRDNSKNTLYLQMNSLITEDTAEYLCAAAILVRGPLRSCVDYFASWGQGTQVTVSS,AVQLVDSGGGSVQAGGSLKLSCAAS,GYIVSSCK,MAWYRQAPGKERELVST,ISYDGTT,TYADSVKGRFTISRDNSKNTLYLQMNSLITEDTAEYLC
3,EVQLVESGGGSVQAGGSLKLSCAASGYIVSSCKMAWYRQAPGKERELVSTISYDGTTTYADSVKGRFTISRDNAKNTLYLQMNSLITEDTAEYLCAAAILVRGPLRSCVDYFASWGQGTQVTVSS,EVQLVESGGGSVQAGGSLKLSCAAS,GYIVSSCK,MAWYRQAPGKERELVST,ISYDGTT,TYADSVKGRFTISRDNAKNTLYLQMNSLITEDTAEYLC
4,EVQLVESGGGSVQTGGSLRLSCTASGYTLVPKCIAWFRQVPGKEREGVAIINSDGSTKYADFVKGRFTISQDYAENTLYLQMNSLKPEDTAVYSCAARIGNCYFNTLPKSNWYSYWGQGTQVTVSS,EVQLVESGGGSVQTGGSLRLSCTAS,GYTLVPKC,IAWFRQVPGKEREGVAI,INSDGST,KYADFVKGRFTISQDYAENTLYLQMNSLKPEDTAVYSC
5,QVKLEESGGGSVQAGGSLRLSCTASGHTLVTMCIAWFRQVPGKEREGVAIINSDGSTKYAESVKGRFTISQDYAENTLYLQMNSLKPEDTAVYSCAARTGNCYFNTPPKSNWYSYWGQGTQVTVSS,QVKLEESGGGSVQAGGSLRLSCTAS,GHTLVTMC,IAWFRQVPGKEREGVAI,INSDGST,KYAESVKGRFTISQDYAENTLYLQMNSLKPEDTAVYSC
6,EVQLVESGGGSVQAGGSLRLSCTASGYTLVPKCIAWFRQVPGKEREGVAIINSDGSTKYADFVKGRFTISQDYAENTLYLQMNSLKPEDTAVYSCAARIGNCYFNTLPKSNWYSYWGQGTQVTVSS,EVQLVESGGGSVQAGGSLRLSCTAS,GYTLVPKC,IAWFRQVPGKEREGVAI,INSDGST,KYADFVKGRFTISQDYAENTLYLQMNSLKPEDTAVYSC
7,EVQLVESGGGSVQAGGSLRLSCAASESTFSGSCMAWFRQAPGKEREGVAAIKDIGITTYADSVKGRFTISRDNTKNTLYLRMNNLKPEDTGMYYCAAVSRPWVPCNITPRPLRLENYYWGQGTQVTVSS,EVQLVESGGGSVQAGGSLRLSCAAS,ESTFSGSC,MAWFRQAPGKEREGVAA,IKDIGIT,TYADSVKGRFTISRDNTKNTLYLRMNNLKPEDTGMYYC
8,EVQLVESGGGSVQVGGSLNLSCPVSGYTRGHYLMAWFRQVAGKEREGVAGIDSENSAVYAGSVKGRFTISLDNAKNTLYLRMTSLKPEDTGMYYCAADRGLLFRPLYSDTYKNWGQGTQVTVSS,EVQLVESGGGSVQVGGSLNLSCPVS,GYTRGHYL,MAWFRQVAGKEREGVAG,IDSENSA,VYAGSVKGRFTISLDNAKNTLYLRMTSLKPEDTGMYYC
9,EVQLVESGGGSVQAGGSLRISCTAPGFTSNSCGIHWYRQTTARYREWVSSISPTGTTTYADSVKGRFTISKDSAKDTVYLQMNSLKPEDTALYSCKTFKTPFGGDCWSDWGQGTQVTVSS,EVQLVESGGGSVQAGGSLRISCTAP,GFTSNSCG,IHWYRQTTARYREWVSS,ISPTGTT,TYADSVKGRFTISKDSAKDTVYLQMNSLKPEDTALYSC
10,AVQLVDSGGGSVQAGGSLRLSCTAPGFTSNACGMKWYRQAEGKQREWVSSISTDGSTSYADSVKGRFTISKDKAKDTVYLQMNSLKPEDTAMYSCKITSAYYSGSDCMNYRGQGTQVTVSS,AVQLVDSGGGSVQAGGSLRLSCTAP,GFTSNACG,MKWYRQAEGKQREWVSS,ISTDGST,SYADSVKGRFTISKDKAKDTVYLQMNSLKPEDTAMYSC
11,EVQLVESGGGSVQAGGSLRLSCTAPGFTSNACGMKWYRQAEGKQREWVSSISTDGSTSYADSVKGRFTISKDKAKDTVYLQMNSLKPEDTAMYSCKITSAYYSGSDCMNYRGQGTQVTVSS,EVQLVESGGGSVQAGGSLRLSCTAP,GFTSNACG,MKWYRQAEGKQREWVSS,ISTDGST,SYADSVKGRFTISKDKAKDTVYLQMNSLKPEDTAMYSC
12,EVQLVESGGGSVQAGGSLRLSCTAPGFTSNSCGIHWYRQATGTYREWVSSITPTGTTTYADSVKGRFTISKDSAKDTVYLQMNSLKPEDTALYSCKTFKTPFGGDCWRDWGQGTQVTVSS,EVQLVESGGGSVQAGGSLRLSCTAP,GFTSNSCG,IHWYRQATGTYREWVSS,ITPTGTT,TYADSVKGRFTISKDSAKDTVYLQMNSLKPEDTALYSC
13,EVQLVESGGGSVQAGGSLRLSCTAPGFTSNTCGIHWYRQATGRYREWVSSITPTGTTTYADSVKGRFTISKDSAKDTVYLQMNSLKPEDTALYSCKTFRTPFSGDCRSDWGQGTQVTVSS,EVQLVESGGGSVQAGGSLRLSCTAP,GFTSNTCG,IHWYRQATGRYREWVSS,ITPTGTT,TYADSVKGRFTISKDSAKDTVYLQMNSLKPEDTALYSC
14,EVQLVESGGGLVQPGGSLRLACAASGFTFNNKWMHWVRQAPGKGLEWVSSIYTGDGDTNSADSVKGRFTISRDNTKSMVYLQMNSLKSADTARYYCVKFNYPYGGDWASAGPAGSYDGDWGQGTQVTVSS,EVQLVESGGGLVQPGGSLRLACAAS,GFTFNNKW,MHWVRQAPGKGLEWVSS,IYTGDGDT,NSADSVKGRFTISRDNTKSMVYLQMNSLKSADTARYYC
15,EVQLVESGGGSVQAGGSLRLSCTASGYTLVPKCIAWFRQVPGKEREGVAIINSDGSTKYADFVKGRFTISQDYAENTLYLQMNSLKPEDTAVYSCAARIGNCYFNTLPKSNWYSYWGQGTQVTVSS,EVQLVESGGGSVQAGGSLRLSCTAS,GYTLVPKC,IAWFRQVPGKEREGVAI,INSDGST,KYADFVKGRFTISQDYAENTLYLQMNSLKPEDTAVYSC
16,EVQLVESGGGSVQAGGSLRLSCAASESTFSGSCMAWFRQAPGKEREGVAAIKDIGITTYADSVKARFTISRDNTKNTLYLQMNNLKPEDTGMYYCAAVSRPWVPCNITPRPLRPRLENYYWGQGTQVTVSS,EVQLVESGGGSVQAGGSLRLSCAAS,ESTFSGSC,MAWFRQAPGKEREGVAA,IKDIGIT,TYADSVKARFTISRDNTKNTLYLQMNNLKPEDTGMYYC
17,EVQLVESGGGSVQAGGSLRLSCTFSGFTFGRYVMGWFRQAPGKEREGVAAIYSSGGIPYYADSVKGRFTISQDNNQNTVYLQMNSLKPEDTAMYYCARGNSLHTCGRALYGCNYWGQGTQVTVSS,EVQLVESGGGSVQAGGSLRLSCTFS,GFTFGRYV,MGWFRQAPGKEREGVAA,IYSSGGIP,YYADSVKGRFTISQDNNQNTVYLQMNSLKPEDTAMYYC
18,EVQLVESGGGSVQAGGSLRISCTAPGFTSNSCGIHWYRQTTARYREWVSSISPTGTTTYADSVKGRFTISKDSAKDTVYLQMNSLKPEDTALYSCKTFKTPIGGDCRSDWGQGTQVTVSS,EVQLVESGGGSVQAGGSLRISCTAP,GFTSNSCG,IHWYRQTTARYREWVSS,ISPTGTT,TYADSVKGRFTISKDSAKDTVYLQMNSLKPEDTALYSC
19,EVQLVESGGGSVQAGGSLGLSCTASGYTLMPKCFAWFRQDPGKEREGVAIINSDGSTKYADFVKGRFTISQDYAENTLYLQMNSLKPEDTAVYSCAARIGNCYFNTLPKSNWYSYWGQGTQVTVSS,EVQLVESGGGSVQAGGSLGLSCTAS,GYTLMPKC,FAWFRQDPGKEREGVAI,INSDGST,KYADFVKGRFTISQDYAENTLYLQMNSLKPEDTAVYSC
20,EVQLVESGGGSVQAGGSLNLSCPVSGYTRGHYLMAWFRQVAGKEREGVAGIDSENSAVYAGSVKGRFTISLDNAKNTLYLRMTSLKPEDTGMYYCAADRGLLFRPLYSDTYKNWGQGTQVTVSS,EVQLVESGGGSVQAGGSLNLSCPVS,GYTRGHYL,MAWFRQVAGKEREGVAG,IDSENSA,VYAGSVKGRFTISLDNAKNTLYLRMTSLKPEDTGMYYC
21,EVQLVESGGGSVQAGGPLRLSCIGSGFMADEPPMGWYRQAPGNLCELVTSISSDGSTYYADSVKGRFTASRDSAKNTVHLQMDRLLPQDTAVYYCAASRGTRLFRRVYGCSRFTPYYWGQGTQVTVSS,EVQLVESGGGSVQAGGPLRLSCIGS,GFMADEPP,MGWYRQAPGNLCELVTS,ISSDGST,YYADSVKGRFTASRDSAKNTVHLQMDRLLPQDTAVYYC
22,EVQLVESGGGSVQAGGSLRLSCAASGYTYSSNCMGWFRQAPGKEREWVARIYPYSGRTWEAESVKGRFTISQDNAKTTVYLQMTSLKPEDTATYYCALKDGFCVSYWRAADFAYWGQGTQVTVSA,EVQLVESGGGSVQAGGSLRLSCAAS,GYTYSSNC,MGWFRQAPGKEREWVAR,IYPYSGRT,WEAESVKGRFTISQDNAKTTVYLQMTSLKPEDTATYYC
23,EVQLVESGGGSVQAGGSLGLSCTASGYTLMPKCFAWFRQDPGKEREGVAIINSDGSTKYADFVKGRFTISQDYAENTLYLQMNSLKPEDTAVYSCAARIGNCYFNTLPKSNWYSYWGQGTQVTVSS,EVQLVESGGGSVQAGGSLGLSCTAS,GYTLMPKC,FAWFRQDPGKEREGVAI,INSDGST,KYADFVKGRFTISQDYAENTLYLQMNSLKPEDTAVYSC
24,AVQLVDSGGGSVQAGGSLRLSCAASGYSDRCMAWFRQAPGKEREGVAIIAGSGFATYADSVKGRFTISRDNANNTLYLQMNSLKPEDTAMYYCAARVQFICSLASSLYNYWGQGTQVTVSS,AVQLVDSGGGSVQAGGSLRLSCAAS,GYSDRC,MAWFRQAPGKEREGVAI,IAGSGFA,TYADSVKGRFTISRDNANNTLYLQMNSLKPEDTAMYYC
25,EVQLVESGGGSVQAGGSLRLSCTASGYTLVPKCIAWFRQVPGKEREGVAIINSDGSTKYADFVKGRFTISQDYAENTLYLQMNSLKPDDTAVYSCAARIGNCYFNTLPKSNWYSYWGQGTQVTVSS,EVQLVESGGGSVQAGGSLRLSCTAS,GYTLVPKC,IAWFRQVPGKEREGVAI,INSDGST,KYADFVKGRFTISQDYAENTLYLQMNSLKPDDTAVYSC
26,EVQLVESGGGSVQTGGSLRLSCAASGNTYSTYCMGWFRQAPGKEREGVAAIFTLGGNTYYADFVKGRFTISQDNAKNTLYLQMNSLKPEDTAMYYCAASVRLSPCLVGFGPNNYWGQGTQVTVSS,EVQLVESGGGSVQTGGSLRLSCAAS,GNTYSTYC,MGWFRQAPGKEREGVAA,IFTLGGNT,YYADFVKGRFTISQDNAKNTLYLQMNSLKPEDTAMYYC
27,EVQLVESGGGSVQAGGSLRLSCTASGVTISGICMGWFRQAPGKEREGVARMLAGGHSLSYADSVKGRFTISRDIAKNTLFLQMNSLNADDTAMYYCAALSVGSCYTSPDFRYWGQGTQVTVSS,EVQLVESGGGSVQAGGSLRLSCTAS,GVTISGIC,MGWFRQAPGKEREGVAR,MLAGGHSL,SYADSVKGRFTISRDIAKNTLFLQMNSLNADDTAMYYC
28,EVQLVESGGGSVQTGGSLKLSCAVSGYTSGNYCMGWFRQAPGKEREGVAIISSGGRTTYYTTSVKGRFTISQERASNTLYLQMNSLKPEDTAMYYCAARIGGCRGFRLFDYNYWGQGTQVTVSS,EVQLVESGGGSVQTGGSLKLSCAVS,GYTSGNYC,MGWFRQAPGKEREGVAI,ISSGGRTT,YYTTSVKGRFTISQERASNTLYLQMNSLKPEDTAMYYC
29,EVQLVESGGGSVQAGGSLRLSCVASGHTSSRYSMGWFRQAPGKERERVAAIASTGTTVYADSVKGRFTISRDNAKNTLYLQMNSLKPEDTAMYYCAADVLFAPVLKNTPRYWGQGTQVTVSS,EVQLVESGGGSVQAGGSLRLSCVAS,GHTSSRYS,MGWFRQAPGKERERVAA,IASTGTT,VYADSVKGRFTISRDNAKNTLYLQMNSLKPEDTAMYYC
30,EVQLVESGGGSVQAGGSLRLSCAASGDTSVSYCLGWFRQAPGKEREGVAGIYTLGGSTAYADSVKDRFTISQDNAKGTLYLQMNSLKPEDTAMYYCAAQAIGKCGRSGLRTSLVPDDYWYWGQGTQVTVSS,EVQLVESGGGSVQAGGSLRLSCAAS,GDTSVSYC,LGWFRQAPGKEREGVAG,IYTLGGST,AYADSVKDRFTISQDNAKGTLYLQMNSLKPEDTAMYYC
31,EVQLVESGGGSVQAGGSLRLSCAGSGDTSISYCLGWFRRAPGKEREGVASIYTLGGGTAYADSIKGRFTISQDNAKGTLYLQMNSLKPEDTAMYYCAAQAIGKCGRSGLRTSLIPDDYWYWGQGTQVTVSS,EVQLVESGGGSVQAGGSLRLSCAGS,GDTSISYC,LGWFRRAPGKEREGVAS,IYTLGGGT,AYADSIKGRFTISQDNAKGTLYLQMNSLKPEDTAMYYC
32,EVQLVESGGGSVQAGGSLRLSCTASGYTLMPKCFAWFRQVPGKEREGVAIINSDGSTKYADFVKGRFTISQDYAENTLYLQMNSLKPEDTAVYSCAARIGNCYFNTLPKSNWYSYWGQGTQVTVSS,EVQLVESGGGSVQAGGSLRLSCTAS,GYTLMPKC,FAWFRQVPGKEREGVAI,INSDGST,KYADFVKGRFTISQDYAENTLYLQMNSLKPEDTAVYSC
33,EVQLVESGGGSVQAGGSLRLSCVASGHTSSRYSMGWFRQAPGKERERVAAIASTGTTVYADSVKGRFTISRDNAKNTLYLQMNSLKPEDTAMYYCAADVLFAPVLKNTPRYWGQGTQVTVSS,EVQLVESGGGSVQAGGSLRLSCVAS,GHTSSRYS,MGWFRQAPGKERERVAA,IASTGTT,VYADSVKGRFTISRDNAKNTLYLQMNSLKPEDTAMYYC
34,EVQLVESGGGSVQAGGSLRLSCTASGYTLVPKCIAWFRQVPGKEREGVAIINSDGSTKYADFVKGRFTISQDYAENTLYLQMNSLKPEDTAVYSCAARIGNCYFNTLPKSNWYSYWGQGTQVTVSS,EVQLVESGGGSVQAGGSLRLSCTAS,GYTLVPKC,IAWFRQVPGKEREGVAI,INSDGST,KYADFVKGRFTISQDYAENTLYLQMNSLKPEDTAVYSC
35,EVQLVESGGGSVQAGGSLRLSCTASGYTLVPKCIAWFRQVPGKEREGVAIINSDGSTKYADFVKGRFTISQDYAENTLYLQMNSLKPEDTAVYSCAARIGNCYFNTLPKSNWYSYWGQGTQVTVSS,EVQLVESGGGSVQAGGSLRLSCTAS,GYTLVPKC,IAWFRQVPGKEREGVAI,INSDGST,KYADFVKGRFTISQDYAENTLYLQMNSLKPEDTAVYSC
36,EVQLVESGGGSVQAGGSLRLSCAASGYTYSSNCMGWFRQAPGKEREGVAAIYTGGGSTYYADSVKGRFTISQDNAKNTVYLQMNSLKPEDTAMYYCAAEGVCIATMVWADREYNYWGQGTQVTVSS,EVQLVESGGGSVQAGGSLRLSCAAS,GYTYSSNC,MGWFRQAPGKEREGVAA,IYTGGGST,YYADSVKGRFTISQDNAKNTVYLQMNSLKPEDTAMYYC
37,EVQLVESGGGSVQAGGSLNLSCPVSGYTRGHYLMAWFRQVAGKEREGVAGIDSENSAVYAGSVKGRFTISLDNAKNTLYLRMTSLKPEDTGMYYCAADRGLLFRPLYSDTYKNWGQGTQVTVSS,EVQLVESGGGSVQAGGSLNLSCPVS,GYTRGHYL,MAWFRQVAGKEREGVAG,IDSENSA,VYAGSVKGRFTISLDNAKNTLYLRMTSLKPEDTGMYYC
38,EVQLVESGGGSVQAGGSLRLSCTASGYTLMPKCFAWFRQVPGKEREGVAIINSDGSTKYADFVKGRFTISQDYAENTLYLQMNSLKPEDTAVYSCAARIGNCYFNTLPKSNWYSYWGQGTQVTVSS,EVQLVESGGGSVQAGGSLRLSCTAS,GYTLMPKC,FAWFRQVPGKEREGVAI,INSDGST,KYADFVKGRFTISQDYAENTLYLQMNSLKPEDTAVYSC
39,EVQLVESGGGSVQAGGSLRLSCAASGDTSYSYCLGWFRQAPGKEREGVASIYTLGGSTAYADSVKGRFTISQDNRKGPLYLQMNSLKPEDTAMYYCAAQAVGKCGRSGLRTSLVPDDYWYWGQGTQVTVSS,EVQLVESGGGSVQAGGSLRLSCAAS,GDTSYSYC,LGWFRQAPGKEREGVAS,IYTLGGST,AYADSVKGRFTISQDNRKGPLYLQMNSLKPEDTAMYYC
40,EVQLVESGGGSVQAGGSLRLSCTASGYTLVPKCIAWFRQVPGKEREGVAIINSDGSTKYADFVKGRFTISQDYAENTLYLQMNSLKPEDTAVYSCAARIGNCYFNTLPKSNWYSYWGQGTQVTVSS,EVQLVESGGGSVQAGGSLRLSCTAS,GYTLVPKC,IAWFRQVPGKEREGVAI,INSDGST,KYADFVKGRFTISQDYAENTLYLQMNSLKPEDTAVYSC
41,EVQLVESGGGSVQAGGSLRLSCAASGYSDRCMAWFRQAPGKEREGVAIIARSGFATYADSVKGRFTISRDNANNTLYLQMNSLKPEDTAMYYCAARVQFICGLASSLYNYWGQGTQVTVSS,EVQLVESGGGSVQAGGSLRLSCAAS,GYSDRC,MAWFRQAPGKEREGVAI,IARSGFA,TYADSVKGRFTISRDNANNTLYLQMNSLKPEDTAMYYC
42,EVQLVESGGGSVQTGGSLKLSCAVSGYTSGNYCMGWFRQAPGKEREGVAIISSGGRTTYYTTSVKGRFTISQERASNTLYLQMNSLKPEDTAMYYCAARIGGCRGFRLFDYNYWGQGTQVTVSS,EVQLVESGGGSVQTGGSLKLSCAVS,GYTSGNYC,MGWFRQAPGKEREGVAI,ISSGGRTT,YYTTSVKGRFTISQERASNTLYLQMNSLKPEDTAMYYC
43,EVQLVESGGGSVQAGGSLGLSCTASGYTLMPKCFAWFRQDPGKEREGVAIINSDGSTKYADFVKGRFTISQDYAENTLYLQMNSLKPEDTAVYSCAARIGNCYFNTLPKSNWYSYWGQGTQVTVSS,EVQLVESGGGSVQAGGSLGLSCTAS,GYTLMPKC,FAWFRQDPGKEREGVAI,INSDGST,KYADFVKGRFTISQDYAENTLYLQMNSLKPEDTAVYSC
44,EVQLVESGGGSVQAGGSLNLSCPVSGYTRGHYLMAWFRQVAGKEREGVAGIDSENSAVYAGSVKGRFTISLDNAKNTLYLRMTSLKPEDTGMYYCAADRGLLFRPLYSDTYKNWGQGTQVTVSS,EVQLVESGGGSVQAGGSLNLSCPVS,GYTRGHYL,MAWFRQVAGKEREGVAG,IDSENSA,VYAGSVKGRFTISLDNAKNTLYLRMTSLKPEDTGMYYC
45,EVQLVESGGGSVQAGGSLRLSCAAPESTFGRSCMAWFRQAPGKEREGVAAIKDIGITTYADSVKGRFTISRDNTKNTLYLQMNNLKPEDTGMYYCAAVSRPWVPCNITPRPLRPRLENYYWGQGTQVTVSE,EVQLVESGGGSVQAGGSLRLSCAAP,ESTFGRSC,MAWFRQAPGKEREGVAA,IKDIGIT,TYADSVKGRFTISRDNTKNTLYLQMNNLKPEDTGMYYC
46,EVQLVESGGGSVQAGGSLRLSCTAPGFTSNSCGIHWYRQATGRYREWVSSITPTGTTTYADSVKGRFTISKDSAKDTVYLQMNSLKPEDSALYSCKTFRTPFSGDCWSDWGQGTQVTVSS,EVQLVESGGGSVQAGGSLRLSCTAP,GFTSNSCG,IHWYRQATGRYREWVSS,ITPTGTT,TYADSVKGRFTISKDSAKDTVYLQMNSLKPEDSALYSC
47,EVQLVESGGGSVQAGGSLRLSCAASGYTYSSNCMGWFRQAPGKEREGVAAIYTGGGSTYYADSVKGRFTISQDNAKNTVYLQMNSLKPEDTAMYYCAAEGVCIATMVWADREYNYWGQGTQVTVSS,EVQLVESGGGSVQAGGSLRLSCAAS,GYTYSSNC,MGWFRQAPGKEREGVAA,IYTGGGST,YYADSVKGRFTISQDNAKNTVYLQMNSLKPEDTAMYYC
48,EVQLVESGGGSVQAGGSLNLSCPVSGYTRGHYLMAWFRQVAGKEREGVAGIDSENSAVYAGSVKGRFTISLDNAKNTLYLRMTSLKPEDTGMYYCAADRGLLFRPLYSDTYKNWGQGTQVTVSS,EVQLVESGGGSVQAGGSLNLSCPVS,GYTRGHYL,MAWFRQVAGKEREGVAG,IDSENSA,VYAGSVKGRFTISLDNAKNTLYLRMTSLKPEDTGMYYC
49,EVQLVESGGGSVQAGGSLRLSCTASGYTLMPKCFAWFRQVPGKEREGVAIINSDGSTKYADFVKGRFTTSQDYAENTLYLQMNSLKPEDTAVYSCAARIGNCYFNTLPKSNWYSYWGQGTQVTVSS,EVQLVESGGGSVQAGGSLRLSCTAS,GYTLMPKC,FAWFRQVPGKEREGVAI,INSDGST,KYADFVKGRFTTSQDYAENTLYLQMNSLKPEDTAVYSC
50,EVQLVESGGGSVQAGGSLRLSCTASGYTLMPKCFAWFRQVPGKEREGVAIINSDGSTKYADFVKGRFTTSQDYAENTLYLQMNSLKPEDTAVYSCAARIGNCYFNTLPKSNWYSYWGQGTQVTVSS,EVQLVESGGGSVQAGGSLRLSCTAS,GYTLMPKC,FAWFRQVPGKEREGVAI,INSDGST,KYADFVKGRFTTSQDYAENTLYLQMNSLKPEDTAVYSC
51,QVKLEESGGGSVQAGGSLRLSCTAPGFTSNACGMKWYRQAEGKQREWVSSISTDGSTSYADSVKGRFTISKDKAKDTVYLQMNSLKPEDTAMYSCKITSAYYSGSDCMNYRGQGTQVTVSS,QVKLEESGGGSVQAGGSLRLSCTAP,GFTSNACG,MKWYRQAEGKQREWVSS,ISTDGST,SYADSVKGRFTISKDKAKDTVYLQMNSLKPEDTAMYSC
52,EVQLVESGGGSVQAGGSLRLSCTAPGFTSNSCGIHWYRQATGTYREWVSSITPTGTTTYADSVKGRFTISKDSAKDTVYLQMNSLKPEDTALYSCKTFKTPFGGDCWRDWGQGTQVTVSS,EVQLVESGGGSVQAGGSLRLSCTAP,GFTSNSCG,IHWYRQATGTYREWVSS,ITPTGTT,TYADSVKGRFTISKDSAKDTVYLQMNSLKPEDTALYSC
53,EVQLVESGGGSVQAGGSLKLSCAASGSILTWCTVGWDRQAPGKERESVSTISRDGTTIYAASVKGRFTVSRDKSKNTLDLQMNSLKIEDTAVYYCVARTPVCGQVRGGQGTQVTVSS,EVQLVESGGGSVQAGGSLKLSCAAS,GSILTWCT,VGWDRQAPGKERESVST,ISRDGTT,IYAASVKGRFTVSRDKSKNTLDLQMNSLKIEDTAVYYC
54,EVQLVESGGGSVQAGGSLRLSCAASGDTISRYYMGWFRQAPGKEREGVAVSGRNGYTTYADSVKGRFTASRDNAKNTLDLQMNSLKPEDTAMYYCAADRLIRGLSTGYNYWGQGTQVTVST,EVQLVESGGGSVQAGGSLRLSCAAS,GDTISRYY,MGWFRQAPGKEREGVAV,SGRNGYT,TYADSVKGRFTASRDNAKNTLDLQMNSLKPEDTAMYYC
55,EVQLVESGGGSVQAGGSLRLSCAASGYTYSSNCMGWFRQAPGKEREGVAAIYTGGGSTYYADSVKGRFTISQDNAKNTVYLQMNSLKPEDTAMYYCAAEGVCIATMVWADREYNYWGQGTQVTVSS,EVQLVESGGGSVQAGGSLRLSCAAS,GYTYSSNC,MGWFRQAPGKEREGVAA,IYTGGGST,YYADSVKGRFTISQDNAKNTVYLQMNSLKPEDTAMYYC
56,EVQLVESGGGSVQAGGSLRLSCAASESTFSGSCMAWFRQAPGKEREGVAAIKDIGITTYADSVKARFTISRDNTKNTLYLQMNNLKPEDTGMYYCAAVSRPWVPCNITPRPLRPRLENYYWGQGTQVTVSE,EVQLVESGGGSVQAGGSLRLSCAAS,ESTFSGSC,MAWFRQAPGKEREGVAA,IKDIGIT,TYADSVKARFTISRDNTKNTLYLQMNNLKPEDTGMYYC
57,EVQLVESGGGSVQAGGSLKLSCAASGYIVSSCKMAWYRQAPGKERELVSTISYDGTTTYADSVKGRFTISRDNAKNTLYLQMNSLITEDTAEYLCAAAILVRGPLRSCVDYFASWGQGTQVTVSS,EVQLVESGGGSVQAGGSLKLSCAAS,GYIVSSCK,MAWYRQAPGKERELVST,ISYDGTT,TYADSVKGRFTISRDNAKNTLYLQMNSLITEDTAEYLC
58,EVQLVESGGGSVQAGGSLRLSCAASGYTYSSNCMGWFRQAPGKEREGVAAIYTGGGSTYYADSVKGRFTISQDNAKNTVYLQMNSLKPEDTAMYYCAAEGVCIATMVWADREYNYWGQGTQVTVSS,EVQLVESGGGSVQAGGSLRLSCAAS,GYTYSSNC,MGWFRQAPGKEREGVAA,IYTGGGST,YYADSVKGRFTISQDNAKNTVYLQMNSLKPEDTAMYYC
59,EVQLVESGGGSVRPGGSLRLSCAASRSVFSALTMGWYRQAPGKQRELVATITSGDITDYADSVKGRFTISRDNAQKTAYLQMNSLKPEDTAVYYCNADWSGTSHSYWGQGTQVTVSS,EVQLVESGGGSVRPGGSLRLSCAAS,RSVFSALT,MGWYRQAPGKQRELVAT,ITSGDIT,DYADSVKGRFTISRDNAQKTAYLQMNSLKPEDTAVYYC
60,EVQLVESGGGSVQAGGSLRLSCTASGYTFVPKCIAWFRQVPGKEREGVAIINSDGGTKYADFVKGRFTISQDYAENTLYLQMNSLKPEDTAVYSCAARIGNCYFNGPPKSNWYSYWGQGTQVTVSS,EVQLVESGGGSVQAGGSLRLSCTAS,GYTFVPKC,IAWFRQVPGKEREGVAI,INSDGGT,KYADFVKGRFTISQDYAENTLYLQMNSLKPEDTAVYSC
61,EVQLVESGGGSVQAGGSLRLSCTAPGFTSNACGMKWYRQAEGKQREWVSSISTDGSTSYADSVKGRFTISKDKAKDTVYLQMNSLKPEDTAMYSCKITSAYYSGSDCMNYRGQGTQVTVSS,EVQLVESGGGSVQAGGSLRLSCTAP,GFTSNACG,MKWYRQAEGKQREWVSS,ISTDGST,SYADSVKGRFTISKDKAKDTVYLQMNSLKPEDTAMYSC
62,EVQLVESGGGSVQAGGSLRISCTAPGFTSNSCGIHWYRQTTARYREWVSSISPTGTTTYADSVKGRFTISKDSAKDTVYLQMNSLKPEDTALYSCKTFKTPFGGDCWSDWGQGTQVTVSS,EVQLVESGGGSVQAGGSLRISCTAP,GFTSNSCG,IHWYRQTTARYREWVSS,ISPTGTT,TYADSVKGRFTISKDSAKDTVYLQMNSLKPEDTALYSC
63,EVQLVESGGGLVQPGGSLRLACAASGFTFNNKWMHWVRQAPGKGLEWVSSIYTGDGDTNSADSVKGRFTISRDNTKSMVYLQMNSLKSADTARYYCVKFNYPYGGDWASAGPAGSYDGDWGQGTQVTVSS,EVQLVESGGGLVQPGGSLRLACAAS,GFTFNNKW,MHWVRQAPGKGLEWVSS,IYTGDGDT,NSADSVKGRFTISRDNTKSMVYLQMNSLKSADTARYYC
64,EVQLVESGGGSVQAGGSLRLSCTAPGFTSNACGMKWYRQAEGKQREWVSSISTDGSTSYADSVKGRFTISKDKAKDTVYLQMNSLKPEDTAMYSCKITSAYYSGSDCMNYRGQGTQVTVSS,EVQLVESGGGSVQAGGSLRLSCTAP,GFTSNACG,MKWYRQAEGKQREWVSS,ISTDGST,SYADSVKGRFTISKDKAKDTVYLQMNSLKPEDTAMYSC
65,EVQLVESGGGSVQAGGSLKLSCAVSAYTSSNACMGWFRQAPGKEREGVAIISGGGRTTYYAGSVKGRFTISQERASNTLYLQMNSLKPEDTAMYYCAARIGNCRGFRLFEYNYWGQGTQVTVSS,EVQLVESGGGSVQAGGSLKLSCAVS,AYTSSNAC,MGWFRQAPGKEREGVAI,ISGGGRTT,YYAGSVKGRFTISQERASNTLYLQMNSLKPEDTAMYYC
66,EVQLVESGGGSVQAGGSLRLSCTASGYTLVPKCIAWFRQVPGKEREGVAIINSDGSTKYADFVKGRFTISQDYAENTLYLQMNSLKPEDTAVYSCAARIGNCYFNTLPKSNWYSYWGQGTQVTVSS,EVQLVESGGGSVQAGGSLRLSCTAS,GYTLVPKC,IAWFRQVPGKEREGVAI,INSDGST,KYADFVKGRFTISQDYAENTLYLQMNSLKPEDTAVYSC
67,EVQLVESGGGSVQAGGSLRLSCAASGYFYSIGWFRQAPGKEREGVACIGSRGSTLYTDSVKGRFTISKDNAKNTLYLQMNSLKPEDTAMYYCAGALSWPLLVPTAVKAWGQGTQVTVSS,EVQLVESGGGSVQAGGSLRLSCAAS,GYFYS,IGWFRQAPGKEREGVAC,IGSRGST,LYTDSVKGRFTISKDNAKNTLYLQMNSLKPEDTAMYYC
68,EVQLVESGGGSVQAGGSLRLSCAASGDTSYSYCLGWFRQAPGKEREGVASIYTLGGSTAYADSVKGRFTISQDNRKGALYLQMNSLKPEDTASYYCAAQAVGKCGRSGLRTSLVPDDYWYWGQGTQVTVSS,EVQLVESGGGSVQAGGSLRLSCAAS,GDTSYSYC,LGWFRQAPGKEREGVAS,IYTLGGST,AYADSVKGRFTISQDNRKGALYLQMNSLKPEDTASYYC
69,EVQLVESGGGSVQAGGSLRLSCTASGHTLVPKCIAWFRQVPGKEREGVAIINSDGSTKYADFVKGRFTISQDYAENTLYLQMNSLKPEDTAVYSCAARIGNCYFNTLPKSNWYSYWGQGTQVTVSS,EVQLVESGGGSVQAGGSLRLSCTAS,GHTLVPKC,IAWFRQVPGKEREGVAI,INSDGST,KYADFVKGRFTISQDYAENTLYLQMNSLKPEDTAVYSC
70,EVQLVESGGGSVQAGGSLRLSCAGSGDTSISYCLGWFRRAPGKEREGVASIYTLGGGTAYADSIKGRFTISQDNAKGTLYLQMNSLKPEDTAMYYCAAQAIGKCGRSGLRTSLIPDDYWYWGQGTQVTVSS,EVQLVESGGGSVQAGGSLRLSCAGS,GDTSISYC,LGWFRRAPGKEREGVAS,IYTLGGGT,AYADSIKGRFTISQDNAKGTLYLQMNSLKPEDTAMYYC
71,EVQLVESGGGSVQAGGSLRLSCAASEYTVRMAWFRQAPGKEREGVAVFDASGRAIYADSVKGRFTISRGNAEKTLYLQMNSLKHEDTAMYYCAADNRRYYYPPPLSGQRYAYWGQGTQVTVSS,EVQLVESGGGSVQAGGSLRLSCAAS,EYTVR,MAWFRQAPGKEREGVAV,FDASGRA,IYADSVKGRFTISRGNAEKTLYLQMNSLKHEDTAMYYC
72,QVKLEESGGGLVQAGGSLRLSCEVAERTFARYSMAWFRQAPGKEREFVAAISRNGARTDYADSVKGRFTIARDNAKNTVYLQMNTLKPEDTAVYYCAQDRYTGSEYYIAPRVLSAYDEWGQGTQVTVSS,QVKLEESGGGLVQAGGSLRLSCEVA,ERTFARYS,MAWFRQAPGKEREFVAA,ISRNGART,DYADSVKGRFTIARDNAKNTVYLQMNTLKPEDTAVYYC
73,EVQLVESGGGSVQAGGSLRLSCVASGHTSSRYSMGWFRQAPGKERERVAAIASTGTTVYADSVKGRFTISRDNAKNTLYLQMNSLKPEDTAMYYCAADVLFAPVLKNTPRYWGQGTQVTVSS,EVQLVESGGGSVQAGGSLRLSCVAS,GHTSSRYS,MGWFRQAPGKERERVAA,IASTGTT,VYADSVKGRFTISRDNAKNTLYLQMNSLKPEDTAMYYC
74,EVQLVESGGGSVQAGGSLRLSCTAPGFTSNACGMKWYRQAEGKQREWVSSISTDGSTSYADSVKGRFTISKDKAKDTVYLQMNSLKPEDTAMYSCKITSAYYSGSDCMNYRGQGTQVTVSS,EVQLVESGGGSVQAGGSLRLSCTAP,GFTSNACG,MKWYRQAEGKQREWVSS,ISTDGST,SYADSVKGRFTISKDKAKDTVYLQMNSLKPEDTAMYSC
75,EVQLVESGGGSVQAGGSLRLSCTAPGFTSNACGMKWYRQAEGKQREWVSSISTDGSTSYADSVKGRFTISKDKAKDTVYLQMNSLKPEDTAMYSCKITSAYYSGSDCMNYRGQGTQVTVSS,EVQLVESGGGSVQAGGSLRLSCTAP,GFTSNACG,MKWYRQAEGKQREWVSS,ISTDGST,SYADSVKGRFTISKDKAKDTVYLQMNSLKPEDTAMYSC
76,EVQLVESGGGSVQPGGSLRLSCVASGSTSSSYTMAWFRQAPGKERELVAGINSNTRTYANSVKGRFTISQDNAKNTLYLQMNSLKPADTAMYYCAADRLLSRVLSGRASAWGQGTQVTVSP,EVQLVESGGGSVQPGGSLRLSCVAS,GSTSSSYT,MAWFRQAPGKERELVAG,INSNTR,TYANSVKGRFTISQDNAKNTLYLQMNSLKPADTAMYYC
77,EVQLVESGGGSVQAGGSLRISCTAPGFTSNSCGIHWYRQTTARYREWVSSISPTGTTTYADSVKGRFTISKDSAKDTVYLQMNSLKPEDTALYSCKTFKTPFGGDCWSDWGQGTQVTVSS,EVQLVESGGGSVQAGGSLRISCTAP,GFTSNSCG,IHWYRQTTARYREWVSS,ISPTGTT,TYADSVKGRFTISKDSAKDTVYLQMNSLKPEDTALYSC
78,EVQLVESGGGSVQAGGSLRLSCTASGHEYSSYYMAWFRQAPGKEREGVALIDSVGRTSYADRVKGRFTISKDNAMNTLYLQMHSLKPTDTAMYYCASRLDCTDSRFYFFSRNFGCWGQGTQVTVSA,EVQLVESGGGSVQAGGSLRLSCTAS,GHEYSSYY,MAWFRQAPGKEREGVAL,IDSVGRT,SYADRVKGRFTISKDNAMNTLYLQMHSLKPTDTAMYYC
79,EVQLVESGGGSVQTGGSLKLSCAVSGYTSGNYCMGWFRQAPGKEREGVAIISSGGRTTYYTTSVKGRFTISQERASNTLYLQMNSLKPEDTAMYYCAARIGGCRGFRLFDYNYWGQGTQVTVSS,EVQLVESGGGSVQTGGSLKLSCAVS,GYTSGNYC,MGWFRQAPGKEREGVAI,ISSGGRTT,YYTTSVKGRFTISQERASNTLYLQMNSLKPEDTAMYYC
